strategy,code,name,segment,n_trades,win_rate,total_return,max_drawdown,calmar,avg_return,avg_hold_days,bh_return,vs_bh
v1_tianma_exit,300308,中际旭创,光模块,6,33.33,15.82,-40.96,0.39,4.44,12.2,787.14,-771.32
tianma_hold_10,300308,中际旭创,光模块,5,40.0,-3.16,-25.94,-0.12,0.06,10.0,787.14,-790.3
tianma_hold_20,300308,中际旭创,光模块,4,25.0,4.19,-30.07,0.14,2.16,20.0,787.14,-782.95
macd_zero_hold_10,300308,中际旭创,光模块,17,47.06,21.47,-36.96,0.58,2.53,10.0,787.14,-765.67
kdj_any_hold_10,300308,中际旭创,光模块,19,42.11,-32.0,-43.99,-0.73,-1.13,10.0,787.14,-819.14
random_same_freq_hold_10,300308,中际旭创,光模块,5,40.0,13.27,-16.33,0.81,3.15,10.0,787.14,-773.87
v1_tianma_exit,002916,深南电路,PCB,4,75.0,50.61,-9.97,5.08,12.24,15.8,459.92,-409.31
tianma_hold_10,002916,深南电路,PCB,4,100.0,87.99,-9.74,9.04,17.76,10.0,459.92,-371.93
tianma_hold_20,002916,深南电路,PCB,4,100.0,102.46,-16.63,6.16,20.18,20.0,459.92,-357.46
macd_zero_hold_10,002916,深南电路,PCB,17,58.82,31.37,-30.84,1.02,2.59,10.0,459.92,-428.55
kdj_any_hold_10,002916,深南电路,PCB,19,57.89,86.89,-21.47,4.05,4.15,10.0,459.92,-373.03
random_same_freq_hold_10,002916,深南电路,PCB,4,50.0,-7.38,-25.09,-0.29,-1.01,10.0,459.92,-467.3
v1_tianma_exit,300394,天孚通信,光模块,4,50.0,48.51,-34.69,1.4,13.02,11.0,420.78,-372.27
tianma_hold_10,300394,天孚通信,光模块,4,75.0,20.68,-21.81,0.95,6.84,10.0,420.78,-400.1
tianma_hold_20,300394,天孚通信,光模块,4,100.0,107.51,-37.02,2.9,20.95,20.0,420.78,-313.27
macd_zero_hold_10,300394,天孚通信,光模块,13,61.54,29.32,-43.27,0.68,3.62,10.0,420.78,-391.46
kdj_any_hold_10,300394,天孚通信,光模块,15,53.33,-12.72,-47.01,-0.27,0.73,10.0,420.78,-433.5
random_same_freq_hold_10,300394,天孚通信,光模块,5,40.0,-23.96,-31.02,-0.77,-4.57,10.0,420.78,-444.74
v1_tianma_exit,300474,景嘉微,算力芯片/GPU/CPU设计,7,28.57,-16.47,-26.38,-0.62,-2.52,12.4,-10.61,-5.86
tianma_hold_10,300474,景嘉微,算力芯片/GPU/CPU设计,8,50.0,-17.64,-23.67,-0.75,-2.03,10.0,-10.61,-7.03
tianma_hold_20,300474,景嘉微,算力芯片/GPU/CPU设计,6,33.33,28.49,-37.0,0.77,6.89,20.0,-10.61,39.1
macd_zero_hold_10,300474,景嘉微,算力芯片/GPU/CPU设计,12,33.33,-41.25,-47.02,-0.88,-4.16,10.0,-10.61,-30.64
kdj_any_hold_10,300474,景嘉微,算力芯片/GPU/CPU设计,17,35.29,-45.41,-50.88,-0.89,-3.14,10.0,-10.61,-34.8
random_same_freq_hold_10,300474,景嘉微,算力芯片/GPU/CPU设计,8,37.5,-15.46,-32.93,-0.47,-1.34,10.0,-10.61,-4.85
v1_tianma_exit,603501,韦尔股份(豪威),算力芯片/GPU/CPU设计,8,37.5,16.53,-27.65,0.6,0.95,14.1,2.4,14.13
tianma_hold_10,603501,韦尔股份(豪威),算力芯片/GPU/CPU设计,6,50.0,27.99,-22.5,1.24,3.2,10.0,2.4,25.59
tianma_hold_20,603501,韦尔股份(豪威),算力芯片/GPU/CPU设计,6,50.0,31.91,-23.03,1.39,3.76,20.0,2.4,29.51
macd_zero_hold_10,603501,韦尔股份(豪威),算力芯片/GPU/CPU设计,12,50.0,-10.8,-24.99,-0.43,-1.48,10.0,2.4,-13.2
kdj_any_hold_10,603501,韦尔股份(豪威),算力芯片/GPU/CPU设计,14,42.86,15.65,-21.25,0.74,0.94,10.0,2.4,13.25
random_same_freq_hold_10,603501,韦尔股份(豪威),算力芯片/GPU/CPU设计,8,37.5,-9.42,-20.32,-0.46,-0.75,10.0,2.4,-11.82
v1_tianma_exit,603986,兆易创新,存储芯片,5,60.0,99.87,-11.59,8.61,18.59,15.8,727.3,-627.43
tianma_hold_10,603986,兆易创新,存储芯片,5,80.0,45.52,-14.26,3.19,8.6,10.0,727.3,-681.78
tianma_hold_20,603986,兆易创新,存储芯片,5,80.0,132.67,-15.61,8.5,20.35,20.0,727.3,-594.63
macd_zero_hold_10,603986,兆易创新,存储芯片,13,46.15,13.72,-36.66,0.37,2.12,10.0,727.3,-713.58
kdj_any_hold_10,603986,兆易创新,存储芯片,17,47.06,35.05,-46.08,0.76,3.01,10.0,727.3,-692.25
random_same_freq_hold_10,603986,兆易创新,存储芯片,6,66.67,84.66,-16.89,5.01,13.36,10.0,727.3,-642.64
v1_tianma_exit,300223,北京君正,存储芯片,4,100.0,103.59,-18.88,5.49,20.55,23.0,380.32,-276.73
tianma_hold_10,300223,北京君正,存储芯片,5,80.0,75.96,-18.88,4.02,13.16,10.0,380.32,-304.36
tianma_hold_20,300223,北京君正,存储芯片,4,100.0,107.83,-8.18,13.19,20.77,20.0,380.32,-272.49
macd_zero_hold_10,300223,北京君正,存储芯片,15,26.67,-48.62,-53.18,-0.91,-3.64,10.0,380.32,-428.94
kdj_any_hold_10,300223,北京君正,存储芯片,17,58.82,51.79,-25.21,2.05,3.32,10.0,380.32,-328.53
random_same_freq_hold_10,300223,北京君正,存储芯片,3,66.67,17.09,-11.37,1.5,5.91,10.0,380.32,-363.23
v1_tianma_exit,301308,江波龙,存储芯片,3,66.67,39.71,-22.87,1.74,13.71,21.0,675.38,-635.67
tianma_hold_10,301308,江波龙,存储芯片,3,66.67,3.04,-11.65,0.26,1.46,10.0,675.38,-672.34
tianma_hold_20,301308,江波龙,存储芯片,2,50.0,7.04,-13.95,0.5,5.21,20.0,675.38,-668.34
macd_zero_hold_10,301308,江波龙,存储芯片,15,66.67,149.46,-27.29,5.48,7.6,10.0,675.38,-525.92
kdj_any_hold_10,301308,江波龙,存储芯片,14,42.86,17.25,-32.03,0.54,2.3,10.0,675.38,-658.13
random_same_freq_hold_10,301308,江波龙,存储芯片,5,60.0,46.64,-21.34,2.19,9.11,10.0,675.38,-628.74
v1_tianma_exit,001309,德明利,存储芯片,3,66.67,36.43,-14.34,2.54,12.31,17.3,1569.36,-1532.93
tianma_hold_10,001309,德明利,存储芯片,3,66.67,33.09,-14.57,2.27,10.91,10.0,1569.36,-1536.27
tianma_hold_20,001309,德明利,存储芯片,3,66.67,61.78,-14.34,4.31,19.57,20.0,1569.36,-1507.58
macd_zero_hold_10,001309,德明利,存储芯片,15,73.33,379.64,-25.53,14.87,12.39,10.0,1569.36,-1189.72
kdj_any_hold_10,001309,德明利,存储芯片,16,68.75,266.85,-29.88,8.93,10.12,10.0,1569.36,-1302.51
random_same_freq_hold_10,001309,德明利,存储芯片,5,40.0,-9.12,-24.33,-0.37,-1.23,10.0,1569.36,-1578.48
v1_tianma_exit,300475,香农芯创,HBM,5,40.0,5.07,-25.15,0.2,2.05,13.4,874.58,-869.51
tianma_hold_10,300475,香农芯创,HBM,5,60.0,11.02,-24.58,0.45,3.45,10.0,874.58,-863.56
tianma_hold_20,300475,香农芯创,HBM,4,50.0,14.52,-21.87,0.66,5.4,20.0,874.58,-860.06
macd_zero_hold_10,300475,香农芯创,HBM,12,83.33,236.04,-21.87,10.79,11.75,10.0,874.58,-638.54
kdj_any_hold_10,300475,香农芯创,HBM,18,66.67,179.14,-35.54,5.04,7.75,10.0,874.58,-695.44
random_same_freq_hold_10,300475,香农芯创,HBM,6,50.0,-14.83,-19.97,-0.74,-2.24,10.0,874.58,-889.41
v1_tianma_exit,002409,雅克科技,HBM,6,33.33,20.78,-23.19,0.9,4.46,13.2,256.95,-236.17
tianma_hold_10,002409,雅克科技,HBM,5,60.0,-14.0,-21.6,-0.65,-2.48,10.0,256.95,-270.95
tianma_hold_20,002409,雅克科技,HBM,5,80.0,46.84,-16.31,2.87,8.56,20.0,256.95,-210.11
macd_zero_hold_10,002409,雅克科技,HBM,16,56.25,72.64,-32.6,2.23,4.48,10.0,256.95,-184.31
kdj_any_hold_10,002409,雅克科技,HBM,16,43.75,-10.25,-45.12,-0.23,0.13,10.0,256.95,-267.2
random_same_freq_hold_10,002409,雅克科技,HBM,6,33.33,-0.02,-19.13,-0.0,0.29,10.0,256.95,-256.97
v1_tianma_exit,600584,长电科技,先进封装/封测,6,66.67,131.47,-15.69,8.38,18.57,18.8,178.77,-47.3
tianma_hold_10,600584,长电科技,先进封装/封测,6,83.33,32.91,-17.11,1.92,5.71,10.0,178.77,-145.86
tianma_hold_20,600584,长电科技,先进封装/封测,6,100.0,109.67,-17.11,6.41,14.03,20.0,178.77,-69.1
macd_zero_hold_10,600584,长电科技,先进封装/封测,11,45.45,0.67,-29.05,0.02,0.77,10.0,178.77,-178.1
kdj_any_hold_10,600584,长电科技,先进封装/封测,14,57.14,-4.37,-31.93,-0.14,0.25,10.0,178.77,-183.14
random_same_freq_hold_10,600584,长电科技,先进封装/封测,5,40.0,-14.34,-21.42,-0.67,-2.67,10.0,178.77,-193.11
v1_tianma_exit,002156,通富微电,先进封装/封测,7,71.43,42.69,-18.67,2.29,6.06,17.4,193.7,-151.01
tianma_hold_10,002156,通富微电,先进封装/封测,6,66.67,1.59,-11.24,0.14,0.67,10.0,193.7,-192.11
tianma_hold_20,002156,通富微电,先进封装/封测,6,100.0,114.04,-8.51,13.4,14.36,20.0,193.7,-79.66
macd_zero_hold_10,002156,通富微电,先进封装/封测,10,30.0,-23.52,-32.11,-0.73,-0.81,10.0,193.7,-217.22
kdj_any_hold_10,002156,通富微电,先进封装/封测,13,46.15,-0.01,-38.22,-0.0,2.01,10.0,193.7,-193.71
random_same_freq_hold_10,002156,通富微电,先进封装/封测,5,40.0,-16.17,-29.34,-0.55,-3.04,10.0,193.7,-209.87
v1_tianma_exit,002185,华天科技,先进封装/封测,7,42.86,114.65,-21.95,5.22,14.47,20.7,120.44,-5.79
tianma_hold_10,002185,华天科技,先进封装/封测,6,66.67,3.76,-11.03,0.34,1.09,10.0,120.44,-116.68
tianma_hold_20,002185,华天科技,先进封装/封测,6,50.0,61.79,-13.19,4.68,9.22,20.0,120.44,-58.65
macd_zero_hold_10,002185,华天科技,先进封装/封测,12,33.33,-28.31,-28.31,-1.0,-1.88,10.0,120.44,-148.75
kdj_any_hold_10,002185,华天科技,先进封装/封测,15,40.0,-36.36,-45.73,-0.8,-2.34,10.0,120.44,-156.8
random_same_freq_hold_10,002185,华天科技,先进封装/封测,8,37.5,-5.34,-18.97,-0.28,-0.27,10.0,120.44,-125.78
v1_tianma_exit,603005,晶方科技,先进封装/封测,5,60.0,76.75,-24.82,3.09,13.8,25.0,111.6,-34.85
tianma_hold_10,603005,晶方科技,先进封装/封测,5,40.0,-0.12,-11.88,-0.01,0.39,10.0,111.6,-111.72
tianma_hold_20,603005,晶方科技,先进封装/封测,5,100.0,68.1,-7.84,8.69,11.71,20.0,111.6,-43.5
macd_zero_hold_10,603005,晶方科技,先进封装/封测,11,45.45,-31.55,-32.29,-0.98,-1.69,10.0,111.6,-143.15
kdj_any_hold_10,603005,晶方科技,先进封装/封测,14,57.14,-11.02,-29.28,-0.38,-0.39,10.0,111.6,-122.62
random_same_freq_hold_10,603005,晶方科技,先进封装/封测,5,20.0,-10.73,-13.25,-0.81,-1.94,10.0,111.6,-122.33
v1_tianma_exit,002371,北方华创,半导体设备,5,20.0,-0.22,-24.87,-0.01,0.85,7.4,229.61,-229.83
tianma_hold_10,002371,北方华创,半导体设备,3,0.0,-14.27,-19.92,-0.72,-4.69,10.0,229.61,-243.88
tianma_hold_20,002371,北方华创,半导体设备,3,66.67,27.05,-12.85,2.11,9.62,20.0,229.61,-202.56
macd_zero_hold_10,002371,北方华创,半导体设备,16,50.0,45.85,-20.7,2.22,3.24,10.0,229.61,-183.76
kdj_any_hold_10,002371,北方华创,半导体设备,17,41.18,19.93,-24.52,0.81,1.72,10.0,229.61,-209.68
random_same_freq_hold_10,002371,北方华创,半导体设备,6,66.67,21.74,-16.67,1.3,4.46,10.0,229.61,-207.87
v1_tianma_exit,300054,鼎龙股份,半导体材料,4,25.0,-17.3,-19.03,-0.91,-4.34,8.5,334.99,-352.29
tianma_hold_10,300054,鼎龙股份,半导体材料,4,25.0,-19.01,-22.5,-0.84,-4.81,10.0,334.99,-354.0
tianma_hold_20,300054,鼎龙股份,半导体材料,4,50.0,17.49,-16.08,1.09,6.12,20.0,334.99,-317.5
macd_zero_hold_10,300054,鼎龙股份,半导体材料,14,42.86,0.37,-31.91,0.01,0.7,10.0,334.99,-334.62
kdj_any_hold_10,300054,鼎龙股份,半导体材料,16,50.0,18.02,-33.46,0.54,1.73,10.0,334.99,-316.97
random_same_freq_hold_10,300054,鼎龙股份,半导体材料,6,83.33,42.73,-15.94,2.68,7.04,10.0,334.99,-292.26
v1_tianma_exit,300502,新易盛,光模块,4,75.0,9.52,-35.58,0.27,5.16,17.2,975.45,-965.93
tianma_hold_10,300502,新易盛,光模块,5,80.0,40.4,-15.95,2.53,7.78,10.0,975.45,-935.05
tianma_hold_20,300502,新易盛,光模块,4,50.0,4.95,-41.39,0.12,4.03,20.0,975.45,-970.5
macd_zero_hold_10,300502,新易盛,光模块,16,68.75,49.47,-48.39,1.02,4.58,10.0,975.45,-925.98
kdj_any_hold_10,300502,新易盛,光模块,18,50.0,-37.5,-49.98,-0.75,-1.33,10.0,975.45,-1012.95
random_same_freq_hold_10,300502,新易盛,光模块,5,80.0,-2.17,-31.95,-0.07,0.75,10.0,975.45,-977.62
v1_tianma_exit,002281,光迅科技,光模块,5,60.0,19.34,-20.08,0.96,4.6,15.6,568.86,-549.52
tianma_hold_10,002281,光迅科技,光模块,4,50.0,-8.08,-18.97,-0.43,-1.42,10.0,568.86,-576.94
tianma_hold_20,002281,光迅科技,光模块,4,75.0,25.5,-19.14,1.33,7.18,20.0,568.86,-543.36
macd_zero_hold_10,002281,光迅科技,光模块,14,57.14,21.91,-24.66,0.89,2.51,10.0,568.86,-546.95
kdj_any_hold_10,002281,光迅科技,光模块,17,47.06,33.19,-27.18,1.22,2.64,10.0,568.86,-535.67
random_same_freq_hold_10,002281,光迅科技,光模块,4,50.0,0.57,-7.74,0.07,0.54,10.0,568.86,-568.29
v1_tianma_exit,603083,剑桥科技,光模块,4,50.0,-0.39,-13.63,-0.03,0.24,9.2,637.87,-638.26
tianma_hold_10,603083,剑桥科技,光模块,4,75.0,8.55,-15.17,0.56,2.66,10.0,637.87,-629.32
tianma_hold_20,603083,剑桥科技,光模块,4,75.0,46.52,-17.8,2.61,11.09,20.0,637.87,-591.35
macd_zero_hold_10,603083,剑桥科技,光模块,16,62.5,204.44,-24.09,8.49,8.83,10.0,637.87,-433.43
kdj_any_hold_10,603083,剑桥科技,光模块,15,66.67,130.67,-26.58,4.92,7.94,10.0,637.87,-507.2
random_same_freq_hold_10,603083,剑桥科技,光模块,5,40.0,-11.5,-27.09,-0.42,2.0,10.0,637.87,-649.37
v1_tianma_exit,300570,太辰光,CPO,5,80.0,56.59,-22.72,2.49,10.18,16.2,689.61,-633.02
tianma_hold_10,300570,太辰光,CPO,5,80.0,38.61,-14.64,2.64,7.44,10.0,689.61,-651.0
tianma_hold_20,300570,太辰光,CPO,4,75.0,81.83,-22.39,3.66,17.91,20.0,689.61,-607.78
macd_zero_hold_10,300570,太辰光,CPO,13,69.23,115.46,-31.18,3.7,7.24,10.0,689.61,-574.15
kdj_any_hold_10,300570,太辰光,CPO,17,64.71,100.42,-50.27,2.0,6.1,10.0,689.61,-589.19
random_same_freq_hold_10,300570,太辰光,CPO,6,66.67,130.14,-13.19,9.87,18.94,10.0,689.61,-559.47
v1_tianma_exit,300757,罗博特科,CPO,4,25.0,105.26,-33.53,3.14,35.11,18.2,432.93,-327.67
tianma_hold_10,300757,罗博特科,CPO,4,50.0,8.48,-33.71,0.25,3.56,10.0,432.93,-424.45
tianma_hold_20,300757,罗博特科,CPO,4,75.0,108.74,-32.75,3.32,27.55,20.0,432.93,-324.19
macd_zero_hold_10,300757,罗博特科,CPO,11,36.36,-8.76,-41.64,-0.21,0.48,10.0,432.93,-441.69
kdj_any_hold_10,300757,罗博特科,CPO,18,44.44,25.86,-51.24,0.5,2.85,10.0,432.93,-407.07
random_same_freq_hold_10,300757,罗博特科,CPO,4,25.0,-17.7,-21.85,-0.81,-3.46,10.0,432.93,-450.63
v1_tianma_exit,002463,沪电股份,PCB,4,0.0,-18.17,-21.37,-0.85,-4.64,9.8,327.12,-345.29
tianma_hold_10,002463,沪电股份,PCB,4,25.0,-5.7,-15.53,-0.37,-1.17,10.0,327.12,-332.82
tianma_hold_20,002463,沪电股份,PCB,3,0.0,-31.38,-38.54,-0.81,-11.03,20.0,327.12,-358.5
macd_zero_hold_10,002463,沪电股份,PCB,18,44.44,6.51,-38.69,0.17,1.35,10.0,327.12,-320.61
kdj_any_hold_10,002463,沪电股份,PCB,18,27.78,-35.76,-45.4,-0.79,-1.89,10.0,327.12,-362.88
random_same_freq_hold_10,002463,沪电股份,PCB,4,50.0,24.95,-10.11,2.47,6.54,10.0,327.12,-302.17
v1_tianma_exit,300476,胜宏科技,PCB,2,50.0,57.83,-15.63,3.7,29.48,16.5,744.99,-687.16
tianma_hold_10,300476,胜宏科技,PCB,2,100.0,53.46,-15.63,3.42,26.02,10.0,744.99,-691.53
tianma_hold_20,300476,胜宏科技,PCB,2,100.0,62.97,-15.63,4.03,30.96,20.0,744.99,-682.02
macd_zero_hold_10,300476,胜宏科技,PCB,16,56.25,19.42,-51.65,0.38,2.84,10.0,744.99,-725.57
kdj_any_hold_10,300476,胜宏科技,PCB,15,53.33,35.1,-46.9,0.75,3.46,10.0,744.99,-709.89
random_same_freq_hold_10,300476,胜宏科技,PCB,2,100.0,10.88,-5.11,2.13,5.58,10.0,744.99,-734.11
v1_tianma_exit,001389,广合科技,PCB,4,50.0,3.67,-31.52,0.12,2.89,12.2,401.47,-397.8
tianma_hold_10,001389,广合科技,PCB,4,50.0,10.49,-27.9,0.38,3.62,10.0,401.47,-390.98
tianma_hold_20,001389,广合科技,PCB,4,50.0,29.95,-23.64,1.27,8.34,20.0,401.47,-371.52
macd_zero_hold_10,001389,广合科技,PCB,16,75.0,108.06,-20.3,5.32,5.5,10.0,401.47,-293.41
kdj_any_hold_10,001389,广合科技,PCB,19,63.16,64.95,-28.15,2.31,3.57,10.0,401.47,-336.52
random_same_freq_hold_10,001389,广合科技,PCB,5,40.0,-3.59,-36.67,-0.1,0.41,10.0,401.47,-405.06
v1_tianma_exit,600183,生益科技,覆铜板CCL,3,33.33,77.26,-18.04,4.28,32.77,22.3,819.01,-741.75
tianma_hold_10,600183,生益科技,覆铜板CCL,4,75.0,35.72,-21.09,1.69,8.8,10.0,819.01,-783.29
tianma_hold_20,600183,生益科技,覆铜板CCL,4,75.0,84.51,-17.89,4.73,18.26,20.0,819.01,-734.5
macd_zero_hold_10,600183,生益科技,覆铜板CCL,14,64.29,62.53,-31.08,2.01,4.54,10.0,819.01,-756.48
kdj_any_hold_10,600183,生益科技,覆铜板CCL,18,61.11,127.48,-32.14,3.97,5.63,10.0,819.01,-691.53
random_same_freq_hold_10,600183,生益科技,覆铜板CCL,4,75.0,17.23,-18.83,0.92,7.59,10.0,819.01,-801.78
v1_tianma_exit,603186,华正新材,覆铜板CCL,4,50.0,-2.91,-16.58,-0.18,-0.32,14.0,893.73,-896.64
tianma_hold_10,603186,华正新材,覆铜板CCL,3,33.33,3.18,-11.13,0.29,1.57,10.0,893.73,-890.55
tianma_hold_20,603186,华正新材,覆铜板CCL,3,100.0,34.96,-16.58,2.11,11.43,20.0,893.73,-858.77
macd_zero_hold_10,603186,华正新材,覆铜板CCL,15,60.0,148.23,-18.9,7.84,7.47,10.0,893.73,-745.5
kdj_any_hold_10,603186,华正新材,覆铜板CCL,14,50.0,20.64,-28.8,0.72,1.96,10.0,893.73,-873.09
random_same_freq_hold_10,603186,华正新材,覆铜板CCL,4,75.0,48.42,-10.25,4.72,11.12,10.0,893.73,-845.31
v1_tianma_exit,002636,金安国纪,覆铜板CCL,1,100.0,9.37,-3.71,2.52,9.66,27.0,1688.2,-1678.83
tianma_hold_10,002636,金安国纪,覆铜板CCL,1,100.0,3.95,-3.05,1.3,4.22,10.0,1688.2,-1684.25
tianma_hold_20,002636,金安国纪,覆铜板CCL,1,100.0,12.36,-3.55,3.48,12.65,20.0,1688.2,-1675.84
macd_zero_hold_10,002636,金安国纪,覆铜板CCL,15,53.33,106.68,-38.74,2.75,6.19,10.0,1688.2,-1581.52
kdj_any_hold_10,002636,金安国纪,覆铜板CCL,18,55.56,144.87,-33.56,4.32,7.16,10.0,1688.2,-1543.33
random_same_freq_hold_10,002636,金安国纪,覆铜板CCL,1,100.0,-0.03,-2.3,-0.01,0.23,10.0,1688.2,-1688.23
v1_tianma_exit,000938,紫光股份(新华三),交换机/网络设备,6,33.33,-2.03,-27.2,-0.07,0.24,14.7,36.57,-38.6
tianma_hold_10,000938,紫光股份(新华三),交换机/网络设备,7,57.14,3.68,-15.77,0.23,0.9,10.0,36.57,-32.89
tianma_hold_20,000938,紫光股份(新华三),交换机/网络设备,5,40.0,41.38,-20.6,2.01,6.26,20.0,36.57,4.81
macd_zero_hold_10,000938,紫光股份(新华三),交换机/网络设备,14,50.0,-11.92,-29.36,-0.41,-0.41,10.0,36.57,-48.49
kdj_any_hold_10,000938,紫光股份(新华三),交换机/网络设备,14,57.14,-0.9,-20.96,-0.04,0.45,10.0,36.57,-37.47
random_same_freq_hold_10,000938,紫光股份(新华三),交换机/网络设备,6,33.33,-11.85,-25.31,-0.47,-1.64,10.0,36.57,-48.42
v1_tianma_exit,301165,锐捷网络,交换机/网络设备,2,100.0,76.43,-12.87,5.94,9.36,17.0,563.03,-486.6
tianma_hold_10,301165,锐捷网络,交换机/网络设备,3,100.0,47.07,-6.34,7.42,14.74,10.0,563.03,-515.96
tianma_hold_20,301165,锐捷网络,交换机/网络设备,2,100.0,79.39,-12.11,6.56,10.37,20.0,563.03,-483.64
macd_zero_hold_10,301165,锐捷网络,交换机/网络设备,13,61.54,134.71,-23.32,5.78,7.95,10.0,563.03,-428.32
kdj_any_hold_10,301165,锐捷网络,交换机/网络设备,16,68.75,169.06,-30.79,5.49,7.71,10.0,563.03,-393.97
random_same_freq_hold_10,301165,锐捷网络,交换机/网络设备,2,50.0,5.79,-13.25,0.44,3.25,10.0,563.03,-557.24
v1_tianma_exit,002396,星网锐捷,交换机/网络设备,4,50.0,-9.64,-19.44,-0.5,-1.89,12.0,149.98,-159.62
tianma_hold_10,002396,星网锐捷,交换机/网络设备,3,66.67,25.02,-13.05,1.92,2.93,10.0,149.98,-124.96
tianma_hold_20,002396,星网锐捷,交换机/网络设备,2,50.0,15.71,-21.55,0.73,0.21,20.0,149.98,-134.27
macd_zero_hold_10,002396,星网锐捷,交换机/网络设备,10,70.0,56.25,-13.73,4.1,3.86,10.0,149.98,-93.73
kdj_any_hold_10,002396,星网锐捷,交换机/网络设备,16,50.0,38.28,-25.74,1.49,1.57,10.0,149.98,-111.7
random_same_freq_hold_10,002396,星网锐捷,交换机/网络设备,2,50.0,42.06,-4.53,9.28,3.37,10.0,149.98,-107.92
v1_tianma_exit,301191,菲菱科思,交换机/网络设备,6,33.33,-10.71,-18.11,-0.59,-1.4,8.8,154.65,-165.36
tianma_hold_10,301191,菲菱科思,交换机/网络设备,5,40.0,-0.7,-23.77,-0.03,0.67,10.0,154.65,-155.35
tianma_hold_20,301191,菲菱科思,交换机/网络设备,3,33.33,-0.05,-21.52,-0.0,-1.76,20.0,154.65,-154.7
macd_zero_hold_10,301191,菲菱科思,交换机/网络设备,16,37.5,-20.8,-38.75,-0.54,-0.89,10.0,154.65,-175.45
kdj_any_hold_10,301191,菲菱科思,交换机/网络设备,18,44.44,-28.37,-49.47,-0.57,-0.96,10.0,154.65,-183.02
random_same_freq_hold_10,301191,菲菱科思,交换机/网络设备,6,66.67,23.88,-16.7,1.43,4.12,10.0,154.65,-130.77
v1_tianma_exit,002130,沃尔核材,高速铜缆/铜连接,8,37.5,28.27,-36.4,0.78,5.8,12.9,8.78,19.49
tianma_hold_10,002130,沃尔核材,高速铜缆/铜连接,7,57.14,11.09,-25.4,0.44,3.3,10.0,8.78,2.31
tianma_hold_20,002130,沃尔核材,高速铜缆/铜连接,5,40.0,9.73,-40.84,0.24,6.74,20.0,8.78,0.95
macd_zero_hold_10,002130,沃尔核材,高速铜缆/铜连接,12,66.67,56.05,-31.86,1.76,5.42,10.0,8.78,47.27
kdj_any_hold_10,002130,沃尔核材,高速铜缆/铜连接,15,60.0,36.91,-38.75,0.95,3.56,10.0,8.78,28.13
random_same_freq_hold_10,002130,沃尔核材,高速铜缆/铜连接,8,37.5,-7.71,-26.0,-0.3,0.73,10.0,8.78,-16.49
v1_tianma_exit,300563,神宇股份,高速铜缆/铜连接,6,33.33,20.38,-42.37,0.48,7.67,11.8,-31.27,51.65
tianma_hold_10,300563,神宇股份,高速铜缆/铜连接,6,33.33,33.7,-43.09,0.78,8.89,10.0,-31.27,64.97
tianma_hold_20,300563,神宇股份,高速铜缆/铜连接,5,40.0,50.78,-38.57,1.32,15.04,20.0,-31.27,82.05
macd_zero_hold_10,300563,神宇股份,高速铜缆/铜连接,15,40.0,-5.01,-52.08,-0.1,2.09,10.0,-31.27,26.26
kdj_any_hold_10,300563,神宇股份,高速铜缆/铜连接,16,37.5,-36.39,-64.7,-0.56,-0.29,10.0,-31.27,-5.12
random_same_freq_hold_10,300563,神宇股份,高速铜缆/铜连接,7,28.57,18.31,-38.05,0.48,5.94,10.0,-31.27,49.58
v1_tianma_exit,300913,兆龙互连,高速铜缆/铜连接,5,40.0,0.03,-14.6,0.0,0.77,13.2,67.73,-67.7
tianma_hold_10,300913,兆龙互连,高速铜缆/铜连接,5,40.0,-3.79,-15.99,-0.24,-0.08,10.0,67.73,-71.52
tianma_hold_20,300913,兆龙互连,高速铜缆/铜连接,4,50.0,26.64,-18.96,1.41,8.56,20.0,67.73,-41.09
macd_zero_hold_10,300913,兆龙互连,高速铜缆/铜连接,15,40.0,-56.38,-63.87,-0.88,-2.36,10.0,67.73,-124.11
kdj_any_hold_10,300913,兆龙互连,高速铜缆/铜连接,18,33.33,-40.25,-46.1,-0.87,-2.04,10.0,67.73,-107.98
random_same_freq_hold_10,300913,兆龙互连,高速铜缆/铜连接,5,40.0,-35.34,-41.45,-0.85,-7.14,10.0,67.73,-103.07
v1_tianma_exit,600577,精达股份,高速铜缆/铜连接,1,0.0,-3.13,-8.35,-0.37,-2.88,14.0,128.82,-131.95
tianma_hold_10,600577,精达股份,高速铜缆/铜连接,1,100.0,3.72,-2.12,1.75,3.99,10.0,128.82,-125.1
tianma_hold_20,600577,精达股份,高速铜缆/铜连接,1,100.0,9.06,-8.23,1.1,9.35,20.0,128.82,-119.76
macd_zero_hold_10,600577,精达股份,高速铜缆/铜连接,13,53.85,48.88,-18.7,2.61,3.77,10.0,128.82,-79.94
kdj_any_hold_10,600577,精达股份,高速铜缆/铜连接,14,42.86,-13.41,-38.14,-0.35,-0.24,10.0,128.82,-142.23
random_same_freq_hold_10,600577,精达股份,高速铜缆/铜连接,1,0.0,-0.69,-7.66,-0.09,-0.43,10.0,128.82,-129.51
v1_tianma_exit,002475,立讯精密,连接器,4,0.0,-19.65,-22.92,-0.86,-5.02,10.5,73.43,-93.08
tianma_hold_10,002475,立讯精密,连接器,4,25.0,-8.38,-15.73,-0.53,-1.88,10.0,73.43,-81.81
tianma_hold_20,002475,立讯精密,连接器,4,75.0,0.07,-12.88,0.01,0.41,20.0,73.43,-73.36
macd_zero_hold_10,002475,立讯精密,连接器,13,53.85,-28.76,-43.55,-0.66,-0.6,10.0,73.43,-102.19
kdj_any_hold_10,002475,立讯精密,连接器,15,53.33,10.99,-39.94,0.28,2.46,10.0,73.43,-62.44
random_same_freq_hold_10,002475,立讯精密,连接器,5,20.0,-18.62,-22.97,-0.81,-3.74,10.0,73.43,-92.05
v1_tianma_exit,002179,中航光电,连接器,5,40.0,-6.65,-14.71,-0.45,-0.93,13.0,13.73,-20.38
tianma_hold_10,002179,中航光电,连接器,5,40.0,-9.68,-14.88,-0.65,-1.67,10.0,13.73,-23.41
tianma_hold_20,002179,中航光电,连接器,4,25.0,-20.89,-23.42,-0.89,-5.34,20.0,13.73,-34.62
macd_zero_hold_10,002179,中航光电,连接器,15,46.67,4.71,-23.78,0.2,0.74,10.0,13.73,-9.02
kdj_any_hold_10,002179,中航光电,连接器,17,41.18,-20.71,-30.5,-0.68,-0.9,10.0,13.73,-34.44
random_same_freq_hold_10,002179,中航光电,连接器,5,40.0,-2.57,-11.24,-0.23,-0.2,10.0,13.73,-16.3
v1_tianma_exit,002851,麦格米特,服务器电源,3,33.33,8.9,-10.48,0.85,3.89,15.7,456.59,-447.69
tianma_hold_10,002851,麦格米特,服务器电源,3,33.33,-5.83,-9.16,-0.64,-1.65,10.0,456.59,-462.42
tianma_hold_20,002851,麦格米特,服务器电源,3,100.0,52.08,-11.17,4.66,15.68,20.0,456.59,-404.51
macd_zero_hold_10,002851,麦格米特,服务器电源,10,60.0,67.45,-22.67,2.98,6.15,10.0,456.59,-389.14
kdj_any_hold_10,002851,麦格米特,服务器电源,17,47.06,-36.38,-52.55,-0.69,-1.37,10.0,456.59,-492.97
random_same_freq_hold_10,002851,麦格米特,服务器电源,3,0.0,-18.51,-26.38,-0.7,-6.32,10.0,456.59,-475.1
v1_tianma_exit,300870,欧陆通,服务器电源,4,25.0,-23.3,-31.52,-0.74,-5.89,11.0,1064.1,-1087.4
tianma_hold_10,300870,欧陆通,服务器电源,4,25.0,-7.22,-20.86,-0.35,-1.59,10.0,1064.1,-1071.32
tianma_hold_20,300870,欧陆通,服务器电源,3,66.67,-7.26,-28.32,-0.26,-1.53,20.0,1064.1,-1071.36
macd_zero_hold_10,300870,欧陆通,服务器电源,15,46.67,67.45,-42.24,1.6,5.91,10.0,1064.1,-996.65
kdj_any_hold_10,300870,欧陆通,服务器电源,17,58.82,132.83,-22.28,5.96,6.88,10.0,1064.1,-931.27
random_same_freq_hold_10,300870,欧陆通,服务器电源,3,100.0,74.74,-23.47,3.18,34.03,10.0,1064.1,-989.36
v1_tianma_exit,002843,泰嘉股份,服务器电源,8,50.0,31.97,-18.36,1.74,4.79,15.9,100.34,-68.37
tianma_hold_10,002843,泰嘉股份,服务器电源,6,50.0,3.68,-27.54,0.13,1.23,10.0,100.34,-96.66
tianma_hold_20,002843,泰嘉股份,服务器电源,5,60.0,36.84,-20.64,1.78,6.54,20.0,100.34,-63.5
macd_zero_hold_10,002843,泰嘉股份,服务器电源,14,64.29,67.03,-21.16,3.17,4.67,10.0,100.34,-33.31
kdj_any_hold_10,002843,泰嘉股份,服务器电源,14,50.0,31.85,-28.4,1.12,3.01,10.0,100.34,-68.49
random_same_freq_hold_10,002843,泰嘉股份,服务器电源,10,50.0,-27.89,-45.74,-0.61,-2.47,10.0,100.34,-128.23
v1_tianma_exit,002837,英维克,液冷/散热,4,50.0,38.42,-21.5,1.79,10.75,17.5,462.27,-423.85
tianma_hold_10,002837,英维克,液冷/散热,4,75.0,21.96,-19.85,1.11,6.13,10.0,462.27,-440.31
tianma_hold_20,002837,英维克,液冷/散热,4,75.0,65.96,-23.36,2.82,15.29,20.0,462.27,-396.31
macd_zero_hold_10,002837,英维克,液冷/散热,14,42.86,-22.32,-43.31,-0.52,-0.47,10.0,462.27,-484.59
kdj_any_hold_10,002837,英维克,液冷/散热,15,46.67,-26.52,-39.22,-0.68,-0.96,10.0,462.27,-488.79
random_same_freq_hold_10,002837,英维克,液冷/散热,5,40.0,-23.55,-39.37,-0.6,-4.39,10.0,462.27,-485.82
v1_tianma_exit,300499,高澜股份,液冷/散热,3,66.67,19.0,-25.83,0.74,6.43,21.0,226.99,-207.99
tianma_hold_10,300499,高澜股份,液冷/散热,3,33.33,5.03,-25.65,0.2,2.37,10.0,226.99,-221.96
tianma_hold_20,300499,高澜股份,液冷/散热,2,100.0,26.99,-19.01,1.42,17.34,20.0,226.99,-200.0
macd_zero_hold_10,300499,高澜股份,液冷/散热,15,53.33,26.61,-26.86,0.99,2.39,10.0,226.99,-200.38
kdj_any_hold_10,300499,高澜股份,液冷/散热,16,43.75,59.19,-25.62,2.31,3.75,10.0,226.99,-167.8
random_same_freq_hold_10,300499,高澜股份,液冷/散热,4,25.0,-8.4,-25.35,-0.33,-1.1,10.0,226.99,-235.39
v1_tianma_exit,301018,申菱环境,液冷/散热,2,50.0,0.13,-17.21,0.01,0.67,18.0,760.77,-760.64
tianma_hold_10,301018,申菱环境,液冷/散热,3,66.67,8.48,-9.9,0.86,3.08,10.0,760.77,-752.29
tianma_hold_20,301018,申菱环境,液冷/散热,2,50.0,14.81,-11.12,1.33,7.81,20.0,760.77,-745.96
macd_zero_hold_10,301018,申菱环境,液冷/散热,14,50.0,88.32,-30.33,2.91,5.85,10.0,760.77,-672.45
kdj_any_hold_10,301018,申菱环境,液冷/散热,16,56.25,117.34,-29.81,3.94,5.85,10.0,760.77,-643.43
random_same_freq_hold_10,301018,申菱环境,液冷/散热,3,66.67,18.16,-38.41,0.47,7.01,10.0,760.77,-742.61
v1_tianma_exit,002272,川润股份,液冷/散热,5,60.0,20.63,-33.04,0.62,4.86,20.0,388.4,-367.77
tianma_hold_10,002272,川润股份,液冷/散热,5,20.0,-34.78,-44.27,-0.79,-7.32,10.0,388.4,-423.18
tianma_hold_20,002272,川润股份,液冷/散热,5,60.0,10.57,-35.53,0.3,3.89,20.0,388.4,-377.83
macd_zero_hold_10,002272,川润股份,液冷/散热,14,50.0,-1.08,-51.49,-0.02,1.22,10.0,388.4,-389.48
kdj_any_hold_10,002272,川润股份,液冷/散热,16,37.5,-35.09,-61.35,-0.57,-1.64,10.0,388.4,-423.49
random_same_freq_hold_10,002272,川润股份,液冷/散热,7,57.14,90.86,-24.37,3.73,14.48,10.0,388.4,-297.54
v1_tianma_exit,601138,工业富联,AI服务器,9,44.44,11.99,-25.28,0.47,2.36,14.2,203.59,-191.6
tianma_hold_10,601138,工业富联,AI服务器,8,25.0,-19.08,-28.7,-0.67,-2.14,10.0,203.59,-222.67
tianma_hold_20,601138,工业富联,AI服务器,6,50.0,2.16,-22.26,0.1,2.12,20.0,203.59,-201.43
macd_zero_hold_10,601138,工业富联,AI服务器,15,53.33,-22.24,-45.34,-0.49,0.52,10.0,203.59,-225.83
kdj_any_hold_10,601138,工业富联,AI服务器,15,40.0,-0.46,-30.71,-0.01,2.07,10.0,203.59,-204.05
random_same_freq_hold_10,601138,工业富联,AI服务器,8,50.0,22.9,-33.23,0.69,3.59,10.0,203.59,-180.69
v1_tianma_exit,000977,浪潮信息,AI服务器,3,66.67,41.65,-13.53,3.08,11.39,25.3,84.2,-42.55
tianma_hold_10,000977,浪潮信息,AI服务器,4,50.0,2.59,-8.6,0.3,0.99,10.0,84.2,-81.61
tianma_hold_20,000977,浪潮信息,AI服务器,3,100.0,64.89,-8.87,7.31,17.22,20.0,84.2,-19.31
macd_zero_hold_10,000977,浪潮信息,AI服务器,13,38.46,8.8,-26.64,0.33,1.39,10.0,84.2,-75.4
kdj_any_hold_10,000977,浪潮信息,AI服务器,15,40.0,-20.72,-31.57,-0.66,-0.81,10.0,84.2,-104.92
random_same_freq_hold_10,000977,浪潮信息,AI服务器,4,50.0,7.53,-15.14,0.5,2.6,10.0,84.2,-76.67
v1_tianma_exit,603019,中科曙光,AI服务器,6,50.0,17.16,-24.76,0.69,1.74,15.8,122.64,-105.48
tianma_hold_10,603019,中科曙光,AI服务器,7,57.14,43.89,-16.09,2.73,6.11,10.0,122.64,-78.75
tianma_hold_20,603019,中科曙光,AI服务器,5,80.0,96.56,-18.45,5.23,14.46,20.0,122.64,-26.08
macd_zero_hold_10,603019,中科曙光,AI服务器,13,61.54,60.78,-27.03,2.25,5.24,10.0,122.64,-61.86
kdj_any_hold_10,603019,中科曙光,AI服务器,16,43.75,46.83,-23.76,1.97,3.34,10.0,122.64,-75.81
random_same_freq_hold_10,603019,中科曙光,AI服务器,7,71.43,13.82,-14.6,0.95,2.36,10.0,122.64,-108.82
v1_tianma_exit,000034,神州数码,AI服务器,4,100.0,37.43,-13.41,2.79,7.15,24.5,74.45,-37.02
tianma_hold_10,000034,神州数码,AI服务器,5,80.0,11.22,-7.62,1.47,2.45,10.0,74.45,-63.23
tianma_hold_20,000034,神州数码,AI服务器,4,100.0,39.01,-11.42,3.42,7.54,20.0,74.45,-35.44
macd_zero_hold_10,000034,神州数码,AI服务器,13,76.92,72.8,-26.17,2.78,5.18,10.0,74.45,-1.65
kdj_any_hold_10,000034,神州数码,AI服务器,13,61.54,33.58,-23.02,1.46,2.87,10.0,74.45,-40.87
random_same_freq_hold_10,000034,神州数码,AI服务器,4,25.0,-0.09,-8.78,-0.01,0.39,10.0,74.45,-74.54
v1_tianma_exit,300442,润泽科技,算力/IDC/算力租赁,5,40.0,-15.91,-23.48,-0.68,-2.96,16.0,295.24,-311.15
tianma_hold_10,300442,润泽科技,算力/IDC/算力租赁,5,40.0,-14.28,-24.97,-0.57,-2.56,10.0,295.24,-309.52
tianma_hold_20,300442,润泽科技,算力/IDC/算力租赁,4,75.0,-1.45,-19.13,-0.08,-1.14,20.0,295.24,-296.69
macd_zero_hold_10,300442,润泽科技,算力/IDC/算力租赁,17,41.18,49.84,-39.12,1.27,4.6,10.0,295.24,-245.4
kdj_any_hold_10,300442,润泽科技,算力/IDC/算力租赁,17,58.82,227.31,-35.87,6.34,9.45,10.0,295.24,-67.93
random_same_freq_hold_10,300442,润泽科技,算力/IDC/算力租赁,6,33.33,-24.65,-31.16,-0.79,-3.61,10.0,295.24,-319.89
v1_tianma_exit,300383,光环新网,算力/IDC/算力租赁,5,20.0,-18.45,-25.35,-0.73,-4.09,12.2,65.98,-84.43
tianma_hold_10,300383,光环新网,算力/IDC/算力租赁,6,33.33,-16.15,-19.62,-0.82,-2.52,10.0,65.98,-82.13
tianma_hold_20,300383,光环新网,算力/IDC/算力租赁,4,25.0,-3.25,-16.41,-0.2,-1.12,20.0,65.98,-69.23
macd_zero_hold_10,300383,光环新网,算力/IDC/算力租赁,15,46.67,-15.99,-44.06,-0.36,-0.48,10.0,65.98,-81.97
kdj_any_hold_10,300383,光环新网,算力/IDC/算力租赁,17,52.94,4.29,-35.96,0.12,0.81,10.0,65.98,-61.69
random_same_freq_hold_10,300383,光环新网,算力/IDC/算力租赁,5,40.0,-15.77,-22.36,-0.71,-2.95,10.0,65.98,-81.75
v1_tianma_exit,600602,云赛智联,算力/IDC/算力租赁,8,50.0,110.85,-26.11,4.24,13.34,16.6,55.56,55.29
tianma_hold_10,600602,云赛智联,算力/IDC/算力租赁,7,28.57,-25.13,-29.07,-0.86,-3.51,10.0,55.56,-80.69
tianma_hold_20,600602,云赛智联,算力/IDC/算力租赁,5,60.0,28.38,-24.59,1.15,8.26,20.0,55.56,-27.18
macd_zero_hold_10,600602,云赛智联,算力/IDC/算力租赁,16,12.5,-77.89,-78.5,-0.99,-8.48,10.0,55.56,-133.45
kdj_any_hold_10,600602,云赛智联,算力/IDC/算力租赁,17,23.53,-65.5,-65.99,-0.99,-5.35,10.0,55.56,-121.06
random_same_freq_hold_10,600602,云赛智联,算力/IDC/算力租赁,7,28.57,-9.6,-35.41,-0.27,-0.32,10.0,55.56,-65.16
v1_tianma_exit,300846,首都在线,算力/IDC/算力租赁,5,20.0,-13.07,-28.47,-0.46,-2.13,11.8,120.13,-133.2
tianma_hold_10,300846,首都在线,算力/IDC/算力租赁,5,40.0,-3.4,-24.05,-0.14,-0.15,10.0,120.13,-123.53
tianma_hold_20,300846,首都在线,算力/IDC/算力租赁,3,0.0,-45.91,-52.13,-0.88,-15.28,20.0,120.13,-166.04
macd_zero_hold_10,300846,首都在线,算力/IDC/算力租赁,15,33.33,-38.56,-48.37,-0.8,-2.18,10.0,120.13,-158.69
kdj_any_hold_10,300846,首都在线,算力/IDC/算力租赁,16,31.25,-56.01,-64.38,-0.87,-3.95,10.0,120.13,-176.14
random_same_freq_hold_10,300846,首都在线,算力/IDC/算力租赁,6,83.33,109.3,-12.4,8.81,14.02,10.0,120.13,-10.83
v1_tianma_exit,600588,用友网络,云计算,7,42.86,90.38,-32.54,2.78,12.23,17.7,0.61,89.77
tianma_hold_10,600588,用友网络,云计算,7,71.43,12.08,-13.35,0.91,2.4,10.0,0.61,11.47
tianma_hold_20,600588,用友网络,云计算,7,57.14,110.63,-39.85,2.78,14.45,20.0,0.61,110.02
macd_zero_hold_10,600588,用友网络,云计算,14,28.57,-22.66,-48.8,-0.46,-0.67,10.0,0.61,-23.27
kdj_any_hold_10,600588,用友网络,云计算,16,43.75,-43.11,-46.17,-0.93,-2.69,10.0,0.61,-43.72
random_same_freq_hold_10,600588,用友网络,云计算,8,37.5,-25.76,-28.57,-0.9,-2.51,10.0,0.61,-26.37
v1_tianma_exit,600845,宝信软件,云计算,11,18.18,-16.33,-25.49,-0.64,-1.18,10.8,-41.33,25.0
tianma_hold_10,600845,宝信软件,云计算,7,0.0,-22.92,-32.64,-0.7,-3.49,10.0,-41.33,18.41
tianma_hold_20,600845,宝信软件,云计算,6,16.67,-4.33,-30.45,-0.14,-0.21,20.0,-41.33,37.0
macd_zero_hold_10,600845,宝信软件,云计算,13,23.08,-30.99,-40.96,-0.76,-2.4,10.0,-41.33,10.34
kdj_any_hold_10,600845,宝信软件,云计算,16,6.25,-56.57,-64.45,-0.88,-4.73,10.0,-41.33,-15.24
random_same_freq_hold_10,600845,宝信软件,云计算,10,30.0,-3.56,-25.86,-0.14,0.27,10.0,-41.33,37.77
v1_tianma_exit,002230,科大讯飞,大模型/AI应用/AIGC,7,57.14,46.11,-20.43,2.26,6.44,17.1,7.11,39.0
tianma_hold_10,002230,科大讯飞,大模型/AI应用/AIGC,6,66.67,18.44,-10.96,1.68,4.23,10.0,7.11,11.33
tianma_hold_20,002230,科大讯飞,大模型/AI应用/AIGC,5,80.0,25.31,-12.22,2.07,6.17,20.0,7.11,18.2
macd_zero_hold_10,002230,科大讯飞,大模型/AI应用/AIGC,13,46.15,-10.96,-33.68,-0.33,-0.22,10.0,7.11,-18.07
kdj_any_hold_10,002230,科大讯飞,大模型/AI应用/AIGC,15,40.0,-1.96,-17.19,-0.11,0.66,10.0,7.11,-9.07
random_same_freq_hold_10,002230,科大讯飞,大模型/AI应用/AIGC,8,62.5,17.47,-9.27,1.88,2.44,10.0,7.11,10.36
v1_tianma_exit,601360,三六零,大模型/AI应用/AIGC,6,83.33,45.93,-19.66,2.34,7.04,18.3,25.06,20.87
tianma_hold_10,601360,三六零,大模型/AI应用/AIGC,6,66.67,29.19,-12.66,2.31,5.08,10.0,25.06,4.13
tianma_hold_20,601360,三六零,大模型/AI应用/AIGC,5,100.0,81.05,-17.02,4.76,15.07,20.0,25.06,55.99
macd_zero_hold_10,601360,三六零,大模型/AI应用/AIGC,13,53.85,24.63,-28.31,0.87,3.39,10.0,25.06,-0.43
kdj_any_hold_10,601360,三六零,大模型/AI应用/AIGC,16,37.5,-16.3,-37.67,-0.43,-0.09,10.0,25.06,-41.36
random_same_freq_hold_10,601360,三六零,大模型/AI应用/AIGC,7,42.86,-10.19,-18.51,-0.55,-0.88,10.0,25.06,-35.25
v1_tianma_exit,300418,昆仑万维,大模型/AI应用/AIGC,7,57.14,78.1,-25.89,3.02,8.59,16.6,47.76,30.34
tianma_hold_10,300418,昆仑万维,大模型/AI应用/AIGC,8,37.5,4.44,-16.19,0.27,1.12,10.0,47.76,-43.32
tianma_hold_20,300418,昆仑万维,大模型/AI应用/AIGC,6,50.0,35.16,-26.14,1.34,4.68,20.0,47.76,-12.6
macd_zero_hold_10,300418,昆仑万维,大模型/AI应用/AIGC,16,43.75,-30.62,-41.11,-0.74,-0.96,10.0,47.76,-78.38
kdj_any_hold_10,300418,昆仑万维,大模型/AI应用/AIGC,16,37.5,-26.34,-34.97,-0.75,-1.29,10.0,47.76,-74.1
random_same_freq_hold_10,300418,昆仑万维,大模型/AI应用/AIGC,7,42.86,-24.25,-29.43,-0.82,-2.88,10.0,47.76,-72.01
v1_tianma_exit,300624,万兴科技,大模型/AI应用/AIGC,9,44.44,111.17,-26.75,4.16,10.78,16.0,8.35,102.82
tianma_hold_10,300624,万兴科技,大模型/AI应用/AIGC,10,60.0,131.43,-19.76,6.65,10.93,10.0,8.35,123.08
tianma_hold_20,300624,万兴科技,大模型/AI应用/AIGC,7,71.43,103.95,-21.39,4.86,14.07,20.0,8.35,95.6
macd_zero_hold_10,300624,万兴科技,大模型/AI应用/AIGC,13,30.77,16.38,-26.45,0.62,2.89,10.0,8.35,8.03
kdj_any_hold_10,300624,万兴科技,大模型/AI应用/AIGC,18,38.89,8.34,-41.48,0.2,2.34,10.0,8.35,-0.01
random_same_freq_hold_10,300624,万兴科技,大模型/AI应用/AIGC,10,40.0,-26.15,-46.16,-0.57,-2.04,10.0,8.35,-34.5
v1_tianma_exit,300496,中科创达,AIPC/端侧AI,8,37.5,29.56,-27.11,1.09,5.96,11.0,45.71,-16.15
tianma_hold_10,300496,中科创达,AIPC/端侧AI,7,57.14,-11.1,-21.77,-0.51,-0.81,10.0,45.71,-56.81
tianma_hold_20,300496,中科创达,AIPC/端侧AI,6,66.67,36.63,-29.76,1.23,9.3,20.0,45.71,-9.08
macd_zero_hold_10,300496,中科创达,AIPC/端侧AI,10,70.0,51.08,-17.64,2.9,5.33,10.0,45.71,5.37
kdj_any_hold_10,300496,中科创达,AIPC/端侧AI,16,56.25,-11.94,-26.64,-0.45,0.14,10.0,45.71,-57.65
random_same_freq_hold_10,300496,中科创达,AIPC/端侧AI,9,22.22,-22.87,-34.9,-0.66,-2.44,10.0,45.71,-68.58
v1_tianma_exit,002405,四维图新,AIPC/端侧AI,4,50.0,-1.11,-15.42,-0.07,0.11,20.0,-6.41,5.3
tianma_hold_10,002405,四维图新,AIPC/端侧AI,4,50.0,8.33,-9.43,0.88,2.46,10.0,-6.41,14.74
tianma_hold_20,002405,四维图新,AIPC/端侧AI,4,100.0,24.92,-7.65,3.26,6.11,20.0,-6.41,31.33
macd_zero_hold_10,002405,四维图新,AIPC/端侧AI,15,33.33,-30.89,-44.37,-0.7,-1.86,10.0,-6.41,-24.48
kdj_any_hold_10,002405,四维图新,AIPC/端侧AI,15,33.33,-33.25,-41.21,-0.81,-2.2,10.0,-6.41,-26.84
random_same_freq_hold_10,002405,四维图新,AIPC/端侧AI,7,57.14,-0.22,-15.99,-0.01,0.61,10.0,-6.41,6.19
